system,prompt_number,correct_tests,finds_ci1_error,finds_ci1_and_cit_errors,finds_cit_error,full_coverage_and_finds_all_errors,mean_coverage
87,0,50.0,47.82608695652174,45.65217391304348,47.82608695652174,39.130434782608695,99.65217391304348
87,1,65.21739130434783,54.347826086956516,50.0,60.86956521739131,41.30434782608695,99.36666666666666
