system,prompt_number,correct_tests,finds_ci1_error,finds_ci1_and_cit_errors,finds_cit_error,full_coverage_and_finds_all_errors,mean_coverage
87,0,34.78260869565217,32.608695652173914,32.608695652173914,34.78260869565217,21.73913043478261,68.75
87,1,60.86956521739131,60.86956521739131,60.86956521739131,60.86956521739131,58.69565217391305,99.96428571428571
